Workbook

Sheet 说明
A1: Sail 询盘追踪表 · 使用说明
A3: 这张表要解决什么
B4: 诊断书里的「100 个 PM / 70% 不回复 / 20% 嫌贵」来自记忆，不是数据。
B5: 没有数据，改了话术之后你无法知道有没有效。这张表就是为了让改进可被验证。
A6: 怎么用
A7: 1 | B7: 每来一个 PM，在「询盘明细」加一行。手机上填也行，八成字段是下拉。
A8: 2 | B8: 橙色表头的 5 列是必填：来源广告名 / 是否发了起步价区间 / 客人预算区间 / 分流判定 / 流失原因。
A9: 3 | B9: 「来源广告名」不用猜 —— Meta 广告的 wa.me 链接挂不同预填文本，客人第一句自带代号（工具 1-2）。
A10: 4 | B10: 每月 1 号：「月度看板」B4 改成上个月，打印 A4，就是月会材料。
A11: 5 | B11: 每月把 Meta 后台各广告花费填进「广告成效」C 列，加钱/关掉照 H 列判断。
A12: 每周只看 3 个数字
A13: ① | B13: 发出起步价区间的比例 → 目标 100%
A14: ② | B14: 「到店才发现太贵」比例 → 20% 降到 5% 以下
A15: ③ | B15: B+C 类中收到局部定制方案的比例 → 目标 100%
A16: 注意
B17: 跑 1–2 个月、字段口径稳定之后，再把这几列搬进 Sail CRM（见工具 1-3）。不要反过来，否则要改两次。

Sheet 下拉选项
A1: 下拉选项维护表（改这里，整张表的下拉跟着变）
A2: ※「B_来源广告」按你们实际在投的广告维护，前面 3 个字母是 wa.me 预填文本里的代号（见工具 1-2）
A4: 渠道 | B4: 来源广告 | C4: 是否 | D4: 预算区间 | E4: 分流判定 | F4: 当前阶段 | G4: 流失原因 | H4: 用了哪张卡
A5: Instagram | B5: SKL Skeleton Line Design | C5: 是 | D5: ≥ 起步价A | E5: A 全屋 | F5: 1 新询盘 | G5: 报价后无回复 | H5: 十怕十诺
A6: Facebook | B6: SKL1 Skeleton Line 视频 | C6: 否 | D6: 70–100% A | E6: A− 全屋(需调整) | F6: 2 已发起步价区间 | G6: 预算不足 | H6: 安装成功率/四道关卡
A7: WhatsApp | B7: BRK Book Rack | D7: 50–70% A | E7: B 局部 | F7: 3 已约展厅 | G7: 只想比价 | H7: 真实案例
A8: TikTok | B8: KCS Kitchen Case Study | D8: < 50% A | E8: C 培育 | F8: 4 已到访展厅 | G8: 时间未到 | H8: 局部定制方案
A9: Rednote | B9: KIT1 Kitchen 视频 | D9: 未透露 | E9: 未定 | F9: 5 已发详细报价 | G9: 选了别家 | H9: 价格里包含什么
A10: Website | B10: WSE Wabi-Sabi Eastern | F10: 6 设计中 | G10: 联系不上 | H10: 无
A11: Walk-in | B11: BRD Brand Intro | F11: 7 已成交 | G11: 其他
A12: Referral | B12: ONE 单空间广告 | F12: X 流失 | G12: —(未流失)
A13: 其他 | B13: 自然流量/非广告
B14: 不确定

Sheet 询盘明细
A1: Sail 询盘追踪表 · 询盘明细
A2: 一行一个 PM。灰色列是必填 5 项（少一项整张表就白填了）。下拉选项在「下拉选项」页维护。
N3: ↓ 第 5 行是示范行，开始用之前删掉
A4: 日期 | B4: 客人姓名/代号 | C4: 渠道 | D4: 来源广告名 | E4: 是否发了起步价区间 | F4: 客人预算区间 | G4: 分流判定 A/B/C | H4: 是否约展厅 | I4: 是否到访展厅 | J4: 本次用了哪张卡 | K4: 当前阶段 | L4: 流失原因 | M4: 报价额 RM | N4: 备注
A5: 2026-09-01 | B5: Ms Tan (016-xxx) | C5: WhatsApp | D5: KCS Kitchen Case Study | E5: 是 | F5: 50–70% A | G5: B 局部 | H5: 否 | I5: 否 | J5: 局部定制方案 | K5: 2 已发起步价区间 | L5: —(未流失) | N5: 广告带 [KCS] 代号；已发单空间一页纸，等回复

Sheet 月度看板
A1: 月度看板
A2: 在 B4 填月份（格式 2026-09），下面全部自动算。打印 A4 就是月会材料。
A4: 统计月份 | B4: 2026-09
A6: ① 询盘量
A7: PM 总数 | B7: =SUMPRODUCT(--(TEXT(询盘明细!$A$5:$A$504,"yyyy-mm")=$B$4),--(询盘明细!$B$5:$B$504<>"")) | C7: 每月约 100（诊断书基线）
A8: ② 流程执行（这是改进的验证指标）
A9: 发出起步价区间的比例 | B9: =IFERROR(SUMPRODUCT(--(TEXT(询盘明细!$A$5:$A$504,"yyyy-mm")=$B$4),--(询盘明细!$E$5:$E$504="是"))/SUMPRODUCT(--(TEXT(询盘明细!$A$5:$A$504,"yyyy-mm")=$B$4),--(询盘明细!$B$5:$B$504<>"")),"") | C9: 目标 100%
A10: 拿到预算区间的比例 | B10: =IFERROR(SUMPRODUCT(--(TEXT(询盘明细!$A$5:$A$504,"yyyy-mm")=$B$4),--(询盘明细!$F$5:$F$504<>""),--(询盘明细!$F$5:$F$504<>"未透露"))/SUMPRODUCT(--(TEXT(询盘明细!$A$5:$A$504,"yyyy-mm")=$B$4),--(询盘明细!$B$5:$B$504<>"")),"") | C10: 目标 ≥80%
A11: 用了话术卡的比例 | B11: =IFERROR(SUMPRODUCT(--(TEXT(询盘明细!$A$5:$A$504,"yyyy-mm")=$B$4),--(询盘明细!$J$5:$J$504<>""),--(询盘明细!$J$5:$J$504<>"无"))/SUMPRODUCT(--(TEXT(询盘明细!$A$5:$A$504,"yyyy-mm")=$B$4),--(询盘明细!$B$5:$B$504<>"")),"") | C11: 周会必看（工具 4-2）
A12: ③ 分流结果
A13: A 全屋 | B13: =SUMPRODUCT(--(TEXT(询盘明细!$A$5:$A$504,"yyyy-mm")=$B$4),--(询盘明细!$G$5:$G$504="A 全屋"))
A14: A− 全屋(需调整) | B14: =SUMPRODUCT(--(TEXT(询盘明细!$A$5:$A$504,"yyyy-mm")=$B$4),--(询盘明细!$G$5:$G$504="A− 全屋(需调整)"))
A15: B 局部 | B15: =SUMPRODUCT(--(TEXT(询盘明细!$A$5:$A$504,"yyyy-mm")=$B$4),--(询盘明细!$G$5:$G$504="B 局部"))
A16: C 培育 | B16: =SUMPRODUCT(--(TEXT(询盘明细!$A$5:$A$504,"yyyy-mm")=$B$4),--(询盘明细!$G$5:$G$504="C 培育"))
A17: B+C 中收到局部定制方案的比例 | B17: =IFERROR(SUMPRODUCT(--(TEXT(询盘明细!$A$5:$A$504,"yyyy-mm")=$B$4),--((询盘明细!$G$5:$G$504="B 局部")+(询盘明细!$G$5:$G$504="C 培育")>0),--(询盘明细!$J$5:$J$504="局部定制方案"))/SUMPRODUCT(--(TEXT(询盘明细!$A$5:$A$504,"yyyy-mm")=$B$4),--((询盘明细!$G$5:$G$504="B 局部")+(询盘明细!$G$5:$G$504="C 培育")>0)),"") | C17: 目标 100%（第 3 章）
A18: ④ 展厅
A19: 约展厅数 | B19: =SUMPRODUCT(--(TEXT(询盘明细!$A$5:$A$504,"yyyy-mm")=$B$4),--(询盘明细!$H$5:$H$504="是"))
A20: 到访展厅数 | B20: =SUMPRODUCT(--(TEXT(询盘明细!$A$5:$A$504,"yyyy-mm")=$B$4),--(询盘明细!$I$5:$I$504="是"))
A21: 到访转化率（到访/PM） | B21: =IFERROR(SUMPRODUCT(--(TEXT(询盘明细!$A$5:$A$504,"yyyy-mm")=$B$4),--(询盘明细!$I$5:$I$504="是"))/SUMPRODUCT(--(TEXT(询盘明细!$A$5:$A$504,"yyyy-mm")=$B$4),--(询盘明细!$B$5:$B$504<>"")),"")
A22: ⑤ 流失（要压的那两个数）
A23: 流失总数 | B23: =SUMPRODUCT(--(TEXT(询盘明细!$A$5:$A$504,"yyyy-mm")=$B$4),--(询盘明细!$K$5:$K$504="X 流失"))
A24: 其中：报价后无回复 | B24: =SUMPRODUCT(--(TEXT(询盘明细!$A$5:$A$504,"yyyy-mm")=$B$4),--(询盘明细!$L$5:$L$504="报价后无回复")) | C24: 基线 70% → 目标 <40%
A25: 其中：预算不足 | B25: =SUMPRODUCT(--(TEXT(询盘明细!$A$5:$A$504,"yyyy-mm")=$B$4),--(询盘明细!$L$5:$L$504="预算不足"))
A26: 「到店才发现太贵」比例 | B26: =IFERROR(SUMPRODUCT(--(TEXT(询盘明细!$A$5:$A$504,"yyyy-mm")=$B$4),--(询盘明细!$I$5:$I$504="是"),--(询盘明细!$L$5:$L$504="预算不足"))/SUMPRODUCT(--(TEXT(询盘明细!$A$5:$A$504,"yyyy-mm")=$B$4),--(询盘明细!$B$5:$B$504<>"")),"") | C26: 基线 20% → 目标 <5%
A27: ⑥ 成交
A28: 成交数 | B28: =SUMPRODUCT(--(TEXT(询盘明细!$A$5:$A$504,"yyyy-mm")=$B$4),--(询盘明细!$K$5:$K$504="7 已成交"))
A29: 成交总额 RM | B29: =SUMPRODUCT(--(TEXT(询盘明细!$A$5:$A$504,"yyyy-mm")=$B$4),--(询盘明细!$K$5:$K$504="7 已成交"),IFERROR(询盘明细!$M$5:$M$504,0))
A30: PM→成交率 | B30: =IFERROR(SUMPRODUCT(--(TEXT(询盘明细!$A$5:$A$504,"yyyy-mm")=$B$4),--(询盘明细!$K$5:$K$504="7 已成交"))/SUMPRODUCT(--(TEXT(询盘明细!$A$5:$A$504,"yyyy-mm")=$B$4),--(询盘明细!$B$5:$B$504<>"")),"")

Sheet 广告成效
A1: 广告成效（按广告名）
A2: 每月把 Meta 后台的花费填进 C 列，其余自动算。判断加钱/关掉只看「每 PM 成本」和「成交额」两列。
A4: 统计月份（留空=全部）
A6: 广告名 | B6: 内容类型 | C6: 本月花费 RM | D6: PM 数 | E6: 每 PM 成本 RM | F6: 成交数 | G6: 成交额 RM | H6: 判断
A7: SKL Skeleton Line Design | D7: =SUMPRODUCT(--(($B$4="")+(TEXT(询盘明细!$A$5:$A$504,"yyyy-mm")=$B$4)>0),--(询盘明细!$D$5:$D$504=$A7)) | E7: =IFERROR($C7/$D7,"") | F7: =SUMPRODUCT(--(($B$4="")+(TEXT(询盘明细!$A$5:$A$504,"yyyy-mm")=$B$4)>0),--(询盘明细!$D$5:$D$504=$A7),--(询盘明细!$K$5:$K$504="7 已成交")) | G7: =SUMPRODUCT(--(($B$4="")+(TEXT(询盘明细!$A$5:$A$504,"yyyy-mm")=$B$4)>0),--(询盘明细!$D$5:$D$504=$A7),--(询盘明细!$K$5:$K$504="7 已成交"),IFERROR(询盘明细!$M$5:$M$504,0)) | H7: =IF($D7=0,IF($C7>0,"⚠ 零询盘 → 考虑关掉",""),IF($E7<=50,"✅ 效率好 → 加钱",IF($E7<=100,"观察","⚠ 效率差 → 减/换素材")))
A8: SKL1 Skeleton Line 视频 | D8: =SUMPRODUCT(--(($B$4="")+(TEXT(询盘明细!$A$5:$A$504,"yyyy-mm")=$B$4)>0),--(询盘明细!$D$5:$D$504=$A8)) | E8: =IFERROR($C8/$D8,"") | F8: =SUMPRODUCT(--(($B$4="")+(TEXT(询盘明细!$A$5:$A$504,"yyyy-mm")=$B$4)>0),--(询盘明细!$D$5:$D$504=$A8),--(询盘明细!$K$5:$K$504="7 已成交")) | G8: =SUMPRODUCT(--(($B$4="")+(TEXT(询盘明细!$A$5:$A$504,"yyyy-mm")=$B$4)>0),--(询盘明细!$D$5:$D$504=$A8),--(询盘明细!$K$5:$K$504="7 已成交"),IFERROR(询盘明细!$M$5:$M$504,0)) | H8: =IF($D8=0,IF($C8>0,"⚠ 零询盘 → 考虑关掉",""),IF($E8<=50,"✅ 效率好 → 加钱",IF($E8<=100,"观察","⚠ 效率差 → 减/换素材")))
A9: BRK Book Rack | D9: =SUMPRODUCT(--(($B$4="")+(TEXT(询盘明细!$A$5:$A$504,"yyyy-mm")=$B$4)>0),--(询盘明细!$D$5:$D$504=$A9)) | E9: =IFERROR($C9/$D9,"") | F9: =SUMPRODUCT(--(($B$4="")+(TEXT(询盘明细!$A$5:$A$504,"yyyy-mm")=$B$4)>0),--(询盘明细!$D$5:$D$504=$A9),--(询盘明细!$K$5:$K$504="7 已成交")) | G9: =SUMPRODUCT(--(($B$4="")+(TEXT(询盘明细!$A$5:$A$504,"yyyy-mm")=$B$4)>0),--(询盘明细!$D$5:$D$504=$A9),--(询盘明细!$K$5:$K$504="7 已成交"),IFERROR(询盘明细!$M$5:$M$504,0)) | H9: =IF($D9=0,IF($C9>0,"⚠ 零询盘 → 考虑关掉",""),IF($E9<=50,"✅ 效率好 → 加钱",IF($E9<=100,"观察","⚠ 效率差 → 减/换素材")))
A10: KCS Kitchen Case Study | D10: =SUMPRODUCT(--(($B$4="")+(TEXT(询盘明细!$A$5:$A$504,"yyyy-mm")=$B$4)>0),--(询盘明细!$D$5:$D$504=$A10)) | E10: =IFERROR($C10/$D10,"") | F10: =SUMPRODUCT(--(($B$4="")+(TEXT(询盘明细!$A$5:$A$504,"yyyy-mm")=$B$4)>0),--(询盘明细!$D$5:$D$504=$A10),--(询盘明细!$K$5:$K$504="7 已成交")) | G10: =SUMPRODUCT(--(($B$4="")+(TEXT(询盘明细!$A$5:$A$504,"yyyy-mm")=$B$4)>0),--(询盘明细!$D$5:$D$504=$A10),--(询盘明细!$K$5:$K$504="7 已成交"),IFERROR(询盘明细!$M$5:$M$504,0)) | H10: =IF($D10=0,IF($C10>0,"⚠ 零询盘 → 考虑关掉",""),IF($E10<=50,"✅ 效率好 → 加钱",IF($E10<=100,"观察","⚠ 效率差 → 减/换素材")))
A11: KIT1 Kitchen 视频 | D11: =SUMPRODUCT(--(($B$4="")+(TEXT(询盘明细!$A$5:$A$504,"yyyy-mm")=$B$4)>0),--(询盘明细!$D$5:$D$504=$A11)) | E11: =IFERROR($C11/$D11,"") | F11: =SUMPRODUCT(--(($B$4="")+(TEXT(询盘明细!$A$5:$A$504,"yyyy-mm")=$B$4)>0),--(询盘明细!$D$5:$D$504=$A11),--(询盘明细!$K$5:$K$504="7 已成交")) | G11: =SUMPRODUCT(--(($B$4="")+(TEXT(询盘明细!$A$5:$A$504,"yyyy-mm")=$B$4)>0),--(询盘明细!$D$5:$D$504=$A11),--(询盘明细!$K$5:$K$504="7 已成交"),IFERROR(询盘明细!$M$5:$M$504,0)) | H11: =IF($D11=0,IF($C11>0,"⚠ 零询盘 → 考虑关掉",""),IF($E11<=50,"✅ 效率好 → 加钱",IF($E11<=100,"观察","⚠ 效率差 → 减/换素材")))
A12: WSE Wabi-Sabi Eastern | D12: =SUMPRODUCT(--(($B$4="")+(TEXT(询盘明细!$A$5:$A$504,"yyyy-mm")=$B$4)>0),--(询盘明细!$D$5:$D$504=$A12)) | E12: =IFERROR($C12/$D12,"") | F12: =SUMPRODUCT(--(($B$4="")+(TEXT(询盘明细!$A$5:$A$504,"yyyy-mm")=$B$4)>0),--(询盘明细!$D$5:$D$504=$A12),--(询盘明细!$K$5:$K$504="7 已成交")) | G12: =SUMPRODUCT(--(($B$4="")+(TEXT(询盘明细!$A$5:$A$504,"yyyy-mm")=$B$4)>0),--(询盘明细!$D$5:$D$504=$A12),--(询盘明细!$K$5:$K$504="7 已成交"),IFERROR(询盘明细!$M$5:$M$504,0)) | H12: =IF($D12=0,IF($C12>0,"⚠ 零询盘 → 考虑关掉",""),IF($E12<=50,"✅ 效率好 → 加钱",IF($E12<=100,"观察","⚠ 效率差 → 减/换素材")))
A13: BRD Brand Intro | D13: =SUMPRODUCT(--(($B$4="")+(TEXT(询盘明细!$A$5:$A$504,"yyyy-mm")=$B$4)>0),--(询盘明细!$D$5:$D$504=$A13)) | E13: =IFERROR($C13/$D13,"") | F13: =SUMPRODUCT(--(($B$4="")+(TEXT(询盘明细!$A$5:$A$504,"yyyy-mm")=$B$4)>0),--(询盘明细!$D$5:$D$504=$A13),--(询盘明细!$K$5:$K$504="7 已成交")) | G13: =SUMPRODUCT(--(($B$4="")+(TEXT(询盘明细!$A$5:$A$504,"yyyy-mm")=$B$4)>0),--(询盘明细!$D$5:$D$504=$A13),--(询盘明细!$K$5:$K$504="7 已成交"),IFERROR(询盘明细!$M$5:$M$504,0)) | H13: =IF($D13=0,IF($C13>0,"⚠ 零询盘 → 考虑关掉",""),IF($E13<=50,"✅ 效率好 → 加钱",IF($E13<=100,"观察","⚠ 效率差 → 减/换素材")))
A14: ONE 单空间广告 | D14: =SUMPRODUCT(--(($B$4="")+(TEXT(询盘明细!$A$5:$A$504,"yyyy-mm")=$B$4)>0),--(询盘明细!$D$5:$D$504=$A14)) | E14: =IFERROR($C14/$D14,"") | F14: =SUMPRODUCT(--(($B$4="")+(TEXT(询盘明细!$A$5:$A$504,"yyyy-mm")=$B$4)>0),--(询盘明细!$D$5:$D$504=$A14),--(询盘明细!$K$5:$K$504="7 已成交")) | G14: =SUMPRODUCT(--(($B$4="")+(TEXT(询盘明细!$A$5:$A$504,"yyyy-mm")=$B$4)>0),--(询盘明细!$D$5:$D$504=$A14),--(询盘明细!$K$5:$K$504="7 已成交"),IFERROR(询盘明细!$M$5:$M$504,0)) | H14: =IF($D14=0,IF($C14>0,"⚠ 零询盘 → 考虑关掉",""),IF($E14<=50,"✅ 效率好 → 加钱",IF($E14<=100,"观察","⚠ 效率差 → 减/换素材")))
A15: 自然流量/非广告 | D15: =SUMPRODUCT(--(($B$4="")+(TEXT(询盘明细!$A$5:$A$504,"yyyy-mm")=$B$4)>0),--(询盘明细!$D$5:$D$504=$A15)) | E15: =IFERROR($C15/$D15,"") | F15: =SUMPRODUCT(--(($B$4="")+(TEXT(询盘明细!$A$5:$A$504,"yyyy-mm")=$B$4)>0),--(询盘明细!$D$5:$D$504=$A15),--(询盘明细!$K$5:$K$504="7 已成交")) | G15: =SUMPRODUCT(--(($B$4="")+(TEXT(询盘明细!$A$5:$A$504,"yyyy-mm")=$B$4)>0),--(询盘明细!$D$5:$D$504=$A15),--(询盘明细!$K$5:$K$504="7 已成交"),IFERROR(询盘明细!$M$5:$M$504,0)) | H15: =IF($D15=0,IF($C15>0,"⚠ 零询盘 → 考虑关掉",""),IF($E15<=50,"✅ 效率好 → 加钱",IF($E15<=100,"观察","⚠ 效率差 → 减/换素材")))
A16: 不确定 | D16: =SUMPRODUCT(--(($B$4="")+(TEXT(询盘明细!$A$5:$A$504,"yyyy-mm")=$B$4)>0),--(询盘明细!$D$5:$D$504=$A16)) | E16: =IFERROR($C16/$D16,"") | F16: =SUMPRODUCT(--(($B$4="")+(TEXT(询盘明细!$A$5:$A$504,"yyyy-mm")=$B$4)>0),--(询盘明细!$D$5:$D$504=$A16),--(询盘明细!$K$5:$K$504="7 已成交")) | G16: =SUMPRODUCT(--(($B$4="")+(TEXT(询盘明细!$A$5:$A$504,"yyyy-mm")=$B$4)>0),--(询盘明细!$D$5:$D$504=$A16),--(询盘明细!$K$5:$K$504="7 已成交"),IFERROR(询盘明细!$M$5:$M$504,0)) | H16: =IF($D16=0,IF($C16>0,"⚠ 零询盘 → 考虑关掉",""),IF($E16<=50,"✅ 效率好 → 加钱",IF($E16<=100,"观察","⚠ 效率差 → 减/换素材")))
A18: 判断阈值参考：诊断书历史数据 —— Book Rack RM32/PM、Kitchen Case Study RM24/PM（最好）；Wabi-Sabi RM99/PM（最差）；Brand Intro RM417 花费 0 询盘。
